text,true_label,predicted_label,raw_output
can you please provide me with assistance in moving money from one account to another,transfer,transfer,"[[ 7.3710938  -0.6533203  -0.81884766 -1.3056641  -0.14550781 -0.28442383
  -0.69628906 -0.9614258  -1.6611328  -0.9458008 ]]"
i would like help moving money between accounts,transfer,transfer,"[[ 7.3125     -0.5649414  -0.8461914  -1.4423828  -0.07037354 -0.42651367
  -0.67529297 -1.0429688  -1.6904297  -0.91552734]]"
can you assist me in moving money from one account to another,transfer,transfer,"[[ 7.3789062  -0.60791016 -0.85595703 -1.3701172  -0.1270752  -0.39038086
  -0.68066406 -0.90966797 -1.6523438  -0.98095703]]"
i would like help moving money from one account to another,transfer,transfer,"[[ 7.3789062  -0.54052734 -0.7910156  -1.4052734  -0.25732422 -0.3671875
  -0.765625   -0.9194336  -1.5917969  -0.90625   ]]"
i would like assistance moving money from one account to another,transfer,transfer,"[[ 7.3867188  -0.53564453 -0.7709961  -1.3457031  -0.3461914  -0.3071289
  -0.7602539  -0.9453125  -1.5429688  -0.89941406]]"
can i move some money around,transfer,transfer,"[[ 7.3046875e+00 -6.9726562e-01 -5.2587891e-01 -1.6669922e+00
   2.3345947e-03 -6.9775391e-01 -4.3920898e-01 -8.1396484e-01
  -1.6796875e+00 -1.1083984e+00]]"
can i make a transfer between my accounts,transfer,transfer,"[[ 7.3554688  -0.45336914 -0.5678711  -1.3349609  -0.39282227 -0.45874023
  -0.65478516 -1.1845703  -1.6152344  -0.953125  ]]"
i need to make a transfer of my money,transfer,transfer,"[[ 7.34375    -0.5004883  -0.65625    -1.4042969  -0.34399414 -0.5649414
  -0.50390625 -1.1464844  -1.5185547  -0.96875   ]]"
can i move some money between my two accounts,transfer,transfer,"[[ 7.3515625 -0.6225586 -0.7807617 -1.4462891  0.0340271 -0.6098633
  -0.6567383 -1.0664062 -1.6054688 -1.0117188]]"
i would like to distribute some money between my accounts,transfer,transfer,"[[ 7.3828125  -0.5761719  -0.8520508  -1.5683594  -0.13745117 -0.29663086
  -0.5756836  -1.0996094  -1.4404297  -0.9667969 ]]"
i would like to transfer $100 from my checking to saving account,transfer,transfer,"[[ 7.4101562  -0.44921875 -0.64160156 -1.3330078  -0.26879883 -0.53271484
  -0.77490234 -1.0605469  -1.4726562  -0.98583984]]"
help me transfer $100 from my checking to saving account,transfer,transfer,"[[ 7.40625    -0.4248047  -0.63964844 -1.3632812  -0.25097656 -0.5541992
  -0.78222656 -1.0751953  -1.4882812  -0.9848633 ]]"
transfer $100 from my checking to saving account,transfer,transfer,"[[ 7.4101562  -0.44677734 -0.6035156  -1.3564453  -0.22912598 -0.5551758
  -0.8183594  -1.0478516  -1.4882812  -0.9892578 ]]"
can you please help me move $100 from my checking to saving account,transfer,transfer,"[[ 7.3398438  -0.5058594  -0.8769531  -1.4296875   0.05712891 -0.46484375
  -0.78125    -1.0654297  -1.5283203  -1.0869141 ]]"
please move $100 from my checking to saving account,transfer,transfer,"[[ 7.3828125  -0.4248047  -0.75927734 -1.4375     -0.13696289 -0.39746094
  -0.7758789  -1.0546875  -1.4960938  -1.1054688 ]]"
"transfer seventeen dollars from rbs to woodforest account, please",transfer,transfer,"[[ 7.421875   -0.54052734 -0.5620117  -1.3427734  -0.34692383 -0.46923828
  -0.6669922  -1.0009766  -1.5263672  -1.0341797 ]]"
"send twelve dollars between cabelas and bank of london accounts, please",transfer,transfer,"[[ 7.3945312  -0.59277344 -0.5854492  -1.296875   -0.21411133 -0.44873047
  -0.69384766 -1.1103516  -1.5693359  -1.0888672 ]]"
"transfer ninety dollars between glacier checking and farmers accounts, please",transfer,transfer,"[[ 7.4179688  -0.5336914  -0.5839844  -1.3203125  -0.28588867 -0.5214844
  -0.66503906 -1.0771484  -1.515625   -1.0546875 ]]"
transfer seventy dollars between national and citizens accounts,transfer,transfer,"[[ 7.4140625  -0.51708984 -0.5625     -1.3378906  -0.33911133 -0.58984375
  -0.6875     -0.9711914  -1.5410156  -1.0107422 ]]"
transfer four and sixty seven dollars from bank of oklahoma checking to security bank account,transfer,transfer,"[[ 7.4140625  -0.52246094 -0.5786133  -1.2871094  -0.27197266 -0.5419922
  -0.77441406 -1.0351562  -1.4980469  -1.0068359 ]]"
how much money can i transfer today,transfer,transfer,"[[ 6.234375   -1.1992188   1.7402344  -1.7763672   0.39697266 -1.1191406
  -0.6982422  -0.43530273 -1.5009766  -1.3974609 ]]"
add funds to the retirement account from the pnc account only,transfer,transfer,"[[ 7.0546875  -0.78515625 -1.1054688  -1.3876953   0.8071289   0.5834961
  -0.99316406 -1.0664062  -1.7246094  -1.3037109 ]]"
would you move 100 dollars from the checking and put it into savings,transfer,transfer,"[[ 7.4023438 -0.5727539 -0.59375   -1.4414062 -0.0094986 -0.6845703
  -0.5703125 -1.0097656 -1.5488281 -1.1367188]]"
repeat what the weather will be like,transfer,replacement_card_duration,"[[-1.2236328  -0.71435547  7.25       -0.2614746  -1.4873047  -0.45898438
  -0.4489746   0.60058594 -0.33740234 -1.1621094 ]]"
i would like to put 100 dollars from the checking into the savings account now,transfer,transfer,"[[ 7.3164062  -0.59228516 -0.89697266 -1.546875    0.32373047 -0.33911133
  -0.6748047  -1.1318359  -1.5429688  -1.1279297 ]]"
please transfer $5000 to money market from checking account,transfer,transfer,"[[ 7.4023438  -0.43603516 -0.62402344 -1.3320312  -0.2849121  -0.5371094
  -0.7583008  -1.0664062  -1.5048828  -1.0234375 ]]"
i need $360 transfered from savings to checking account,transfer,transfer,"[[ 7.3984375  -0.47680664 -0.5644531  -1.3027344  -0.3269043  -0.5864258
  -0.72021484 -1.0654297  -1.4404297  -0.9555664 ]]"
make an immediate transfer of ten thousand from money market to checking,transfer,transfer,"[[ 7.3710938  -0.4880371  -0.4814453  -1.2763672  -0.45703125 -0.515625
  -0.7216797  -1.0117188  -1.5800781  -0.99609375]]"
i'd like to transfer $400 from household to savings account,transfer,transfer,"[[ 7.390625   -0.47583008 -0.65283203 -1.3525391  -0.33789062 -0.55126953
  -0.73583984 -0.99121094 -1.5439453  -0.96777344]]"
transer $800 from my checking to savings account,transfer,transfer,"[[ 7.390625   -0.44921875 -0.6850586  -1.4140625  -0.15319824 -0.5239258
  -0.8334961  -0.9760742  -1.4375     -1.0253906 ]]"
how can i increase my credit score,improve_credit_score,improve_credit_score,"[[-0.22216797  7.3085938  -0.6333008  -1.1699219  -0.7338867  -0.89941406
  -1.5917969  -1.0947266  -0.3474121  -0.29541016]]"
how can i raise my credit score,improve_credit_score,improve_credit_score,"[[-0.20471191  7.3046875  -0.55566406 -1.1357422  -0.7783203  -0.92822266
  -1.5585938  -1.0703125  -0.43017578 -0.27490234]]"
how can i contribute to my credit score,improve_credit_score,improve_credit_score,"[[-0.3708496   7.1015625  -0.7944336  -1.140625   -0.83251953 -1.0986328
  -1.6386719  -1.4003906  -0.5917969   0.8598633 ]]"
how is it possible to get a better credit score,improve_credit_score,improve_credit_score,"[[-0.48657227  7.0664062  -0.8408203  -1.0810547  -0.74072266 -1.3193359
  -1.8867188  -1.3085938  -0.18823242  0.9663086 ]]"
how can i up my credit score,improve_credit_score,improve_credit_score,"[[-0.7631836   5.6757812  -1.1591797  -1.2353516  -1.0791016  -1.2392578
  -1.8349609  -1.3730469  -0.74560547  3.5996094 ]]"
can you explain to me how i might boost my credit score,improve_credit_score,improve_credit_score,"[[-0.21813965  7.296875   -0.6533203  -1.1474609  -0.69921875 -1.0341797
  -1.6445312  -1.1142578  -0.4177246  -0.13598633]]"
my credit score stinks but i don't know how to improve it,improve_credit_score,improve_credit_score,"[[-0.3059082   7.2890625  -0.45117188 -1.0683594  -0.7402344  -1.0683594
  -1.7177734  -1.1572266  -0.38793945 -0.06817627]]"
what preventative measures can i take to avoid a low credit score,improve_credit_score,improve_credit_score,"[[-0.25952148  7.2851562  -0.40063477 -1.1142578  -0.8613281  -0.8774414
  -1.546875   -1.1103516  -0.43359375 -0.26538086]]"
how can i keep my credit score from falling,improve_credit_score,improve_credit_score,"[[-0.25585938  7.296875   -0.4921875  -1.0683594  -0.66064453 -0.9785156
  -1.6591797  -1.1132812  -0.3557129  -0.41479492]]"
give me some ideas for boosting my credit score,improve_credit_score,improve_credit_score,"[[-0.14233398  7.2695312  -0.5859375  -1.1533203  -0.75683594 -1.0058594
  -1.6669922  -1.1572266  -0.3461914  -0.22058105]]"
how can i prevent my credit score from dropping,improve_credit_score,improve_credit_score,"[[-0.20593262  7.296875   -0.44311523 -1.1210938  -0.7661133  -0.9042969
  -1.5615234  -1.1474609  -0.46240234 -0.34472656]]"
what steps can i take to build my credit score,improve_credit_score,improve_credit_score,"[[-0.25073242  7.2929688  -0.5546875  -1.1328125  -0.63916016 -0.9550781
  -1.5673828  -1.0234375  -0.42163086 -0.4650879 ]]"
give me some tips on building up my credit score,improve_credit_score,improve_credit_score,"[[-0.17199707  7.2421875  -0.69384766 -1.2568359  -0.6640625  -1.1201172
  -1.6699219  -1.0585938  -0.25       -0.18908691]]"
how can i rehabilitate my poor credit score,improve_credit_score,improve_credit_score,"[[-0.24719238  7.2890625  -0.49365234 -1.0683594  -0.83154297 -0.8803711
  -1.578125   -1.1708984  -0.4819336  -0.06921387]]"
give me some ideas of how to avoid my credit score lowering,improve_credit_score,improve_credit_score,"[[-0.24267578  7.2890625  -0.48754883 -1.1523438  -0.75097656 -0.9946289
  -1.6240234  -1.0537109  -0.359375   -0.3486328 ]]"
give me tips on improving my credit score,improve_credit_score,improve_credit_score,"[[-0.20678711  7.28125    -0.625      -1.2548828  -0.77001953 -1.1005859
  -1.5986328  -1.0263672  -0.20507812 -0.20666504]]"
what steps should i take if i want to ensure my credit score doesn't drop,improve_credit_score,improve_credit_score,"[[-0.4169922   7.2265625  -0.15393066 -1.09375    -0.7363281  -1.0380859
  -1.6445312  -1.1738281  -0.37158203 -0.22473145]]"
can you tell me some strategies for raising my credit score,improve_credit_score,improve_credit_score,"[[-0.21557617  7.25       -0.6347656  -1.1640625  -0.61083984 -1.1025391
  -1.6660156  -1.0361328  -0.4658203  -0.21875   ]]"
i want to know how i can build up a good credit score,improve_credit_score,improve_credit_score,"[[-0.21081543  7.2578125  -0.7241211  -1.1445312  -0.64990234 -1.0869141
  -1.6542969  -1.0361328  -0.4807129  -0.14648438]]"
"""what's the method to improve credit score",improve_credit_score,improve_credit_score,"[[-0.23413086  7.2382812  -0.6479492  -1.0810547  -0.7167969  -1.1669922
  -1.6650391  -0.9477539  -0.2932129  -0.27368164]]"
"""which is the best way to improve the credit score",improve_credit_score,improve_credit_score,"[[-0.19567871  7.3164062  -0.5527344  -1.0947266  -0.72998047 -1.0576172
  -1.6142578  -1.0771484  -0.34985352 -0.2783203 ]]"
"""which could be improve the credit score",improve_credit_score,improve_credit_score,"[[-0.09191895  7.3085938  -0.50634766 -1.1884766  -0.7578125  -1.0097656
  -1.5195312  -1.1337891  -0.37304688 -0.2932129 ]]"
"""when the credit score improve",improve_credit_score,improve_credit_score,"[[-0.2524414   7.2695312  -0.5732422  -1.1640625  -0.87890625 -1.1123047
  -1.5947266  -1.0068359  -0.35864258  0.05010986]]"
"""where is improve the credit score",improve_credit_score,improve_credit_score,"[[-0.20397949  7.3242188  -0.5439453  -1.2304688  -0.7680664  -0.95947266
  -1.6210938  -1.0185547  -0.24084473 -0.24108887]]"
it is damaging to my credit score if i miss one credit card payment,improve_credit_score,improve_credit_score,"[[-0.22375488  7.2109375  -0.09124756 -0.97314453 -0.84521484 -1.0878906
  -1.6806641  -1.3535156  -0.3178711  -0.28100586]]"
i have a revolving store card and defaulted so will my fico score be affected,improve_credit_score,application_status,"[[-0.70996094  0.5073242   2.7636719   4.8710938  -0.0692749  -0.08892822
  -2.2382812  -1.6064453  -0.26220703 -1.7626953 ]]"
will my fico score decrease if i increase my student loan debt,improve_credit_score,improve_credit_score,"[[-0.44726562  6.6757812  -0.26220703 -1.2753906   0.12658691 -1.0839844
  -2.1953125  -0.5986328   0.37939453 -0.8984375 ]]"
if i lose my job will my credit score go down,improve_credit_score,improve_credit_score,"[[-5.9667969e-01  7.2148438e+00 -4.0527344e-01 -1.0830078e+00
  -5.6347656e-01 -9.8242188e-01 -1.8906250e+00 -1.1083984e+00
   2.7732849e-03 -2.9589844e-01]]"
can i hurt my credit rating if i open several credit cards in a short time frame,improve_credit_score,improve_credit_score,"[[-0.35205078  7.2382812  -0.24731445 -0.8955078  -0.80615234 -1.0878906
  -1.84375    -1.0097656  -0.2734375  -0.40551758]]"
will only having five late payments really make my credit bad,improve_credit_score,improve_credit_score,"[[-0.3618164   7.1445312  -0.19335938 -1.2617188  -0.82373047 -1.2138672
  -1.7890625  -0.69921875 -0.27856445 -0.30395508]]"
how long does it take for a credit card to be reissued and mailed to me,replacement_card_duration,replacement_card_duration,"[[-0.5932617  -0.55908203  7.6601562   0.43701172 -1.7548828  -0.68408203
  -0.45703125 -0.4868164  -0.59228516 -1.0322266 ]]"
can credit card companies expedite delivery of reissued credit cards,replacement_card_duration,replacement_card_duration,"[[-0.23388672 -0.05401611  6.2070312   2.2734375  -1.3837891  -0.07885742
  -1.0380859  -1.3027344  -0.5        -1.7255859 ]]"
can you call the help desk line for my credit card company,replacement_card_duration,replacement_card_duration,"[[-0.20581055 -1.2685547   4.5976562   3.8222656  -1.1289062  -0.7216797
   0.24182129 -2.4179688  -0.56884766 -1.1835938 ]]"
how can i request a new credit card,replacement_card_duration,application_status,"[[-0.4741211  -1.0556641   3.9882812   5.359375   -0.9121094  -0.96777344
  -0.8198242  -1.7949219  -1.0419922  -1.1259766 ]]"
what's the phone number for my credit card company,replacement_card_duration,replacement_card_duration,"[[-1.703125   -1.578125    4.984375    3.2617188   0.4885254  -1.5205078
  -0.30566406 -1.0556641   0.2310791  -1.6992188 ]]"
i recently lost my credit card and need to know how long it takes to get a new one mailed to me,replacement_card_duration,replacement_card_duration,"[[-0.57666016 -0.47973633  7.7148438  -0.08764648 -1.8193359  -0.6508789
  -0.5058594  -0.25952148 -0.39208984 -0.9868164 ]]"
i need to know the time it takes to get a new credit card sent to someone who lost theirs,replacement_card_duration,replacement_card_duration,"[[-0.38549805 -0.40234375  7.6523438   0.22937012 -1.7304688  -0.72753906
  -0.5595703  -0.45629883 -0.5961914  -1.0751953 ]]"
i lost my credit card recently  how long does take to get a new one in the mail,replacement_card_duration,replacement_card_duration,"[[-0.54003906 -0.47460938  7.7109375  -0.07977295 -1.7617188  -0.6777344
  -0.5214844  -0.19372559 -0.46948242 -1.0478516 ]]"
what is amount of time it takes to get a new credit card i lost mine recently,replacement_card_duration,replacement_card_duration,"[[-0.61621094 -0.54296875  7.6835938  -0.01937866 -1.828125   -0.7578125
  -0.4663086  -0.01620483 -0.5161133  -1.0976562 ]]"
what is the time frame for sending a customer who lost their credit card a new one,replacement_card_duration,replacement_card_duration,"[[-4.4702148e-01 -4.5483398e-01  7.6562500e+00  7.2898865e-03
  -1.7685547e+00 -6.9873047e-01 -4.1772461e-01 -3.9379883e-01
  -4.6728516e-01 -1.1064453e+00]]"
will i get getting my new card anytime soon,replacement_card_duration,replacement_card_duration,"[[-0.61279297 -0.42944336  7.6992188  -0.11138916 -1.8115234  -0.6669922
  -0.58203125 -0.35131836 -0.24230957 -0.9394531 ]]"
what is the shipping status of my replacement card,replacement_card_duration,replacement_card_duration,"[[-0.7548828  -0.7602539   7.5390625   0.39648438 -1.2509766  -0.87353516
  -0.24804688 -0.68847656 -0.59472656 -1.0585938 ]]"
how long until i get my replacement card,replacement_card_duration,replacement_card_duration,"[[-0.56640625 -0.46875     7.7070312  -0.19580078 -1.7949219  -0.7011719
  -0.45751953 -0.38208008 -0.34057617 -0.92578125]]"
when is my new card expected to arrive,replacement_card_duration,replacement_card_duration,"[[-0.6689453  -0.50927734  7.703125   -0.05648804 -1.8574219  -0.6738281
  -0.32348633 -0.37329102 -0.3935547  -0.95996094]]"
is my replacement card due to arrive in the mail today,replacement_card_duration,replacement_card_duration,"[[-0.6948242  -0.4897461   7.703125    0.04083252 -1.7421875  -0.7089844
  -0.4404297  -0.31420898 -0.46557617 -0.98046875]]"
how long before my new card is mailed to me,replacement_card_duration,replacement_card_duration,"[[-0.54785156 -0.5498047   7.703125   -0.22888184 -1.7861328  -0.6586914
  -0.32666016 -0.41625977 -0.41210938 -0.953125  ]]"
what is the shipping time for my card,replacement_card_duration,replacement_card_duration,"[[-0.5078125  -0.6777344   7.625       0.13122559 -1.5888672  -0.88378906
  -0.17993164 -0.5810547  -0.60302734 -1.0390625 ]]"
how much time before my new card is mailed to me,replacement_card_duration,replacement_card_duration,"[[-0.65234375 -0.62597656  7.6914062  -0.24047852 -1.6513672  -0.6489258
  -0.390625   -0.36499023 -0.31933594 -0.9975586 ]]"
how long does it take to get a new credit card,replacement_card_duration,replacement_card_duration,"[[-0.6894531  -0.5751953   7.6875      0.28222656 -1.6142578  -0.74658203
  -0.515625   -0.35961914 -0.55859375 -1.0048828 ]]"
time to order and receive a new credit card,replacement_card_duration,replacement_card_duration,"[[-0.6152344  -0.7915039   6.9882812   2.1074219  -1.59375    -0.81347656
  -0.77685547 -1.0654297  -0.6767578  -0.8925781 ]]"
when will i received a replacement card,replacement_card_duration,replacement_card_duration,"[[-0.4987793  -0.37939453  7.6914062  -0.0418396  -1.8056641  -0.6899414
  -0.48413086 -0.51464844 -0.40185547 -0.90966797]]"
time to replace my credit card,replacement_card_duration,replacement_card_duration,"[[-0.4958496  -0.29467773  7.6328125   0.1953125  -1.9931641  -0.6220703
  -0.6010742  -0.5307617  -0.3239746  -0.8984375 ]]"
how long before the replacement card is mailed to me,replacement_card_duration,replacement_card_duration,"[[-0.5029297  -0.51220703  7.703125   -0.22351074 -1.7617188  -0.6479492
  -0.35864258 -0.4111328  -0.48046875 -0.94091797]]"
how much longer before the card is mailed to me,replacement_card_duration,replacement_card_duration,"[[-0.4892578  -0.63623047  7.671875   -0.24743652 -1.6904297  -0.68847656
  -0.27661133 -0.40698242 -0.42797852 -1.0693359 ]]"
how long will it takes to get a new credit card,replacement_card_duration,replacement_card_duration,"[[-0.6796875  -0.55029297  7.6953125   0.21520996 -1.640625   -0.73828125
  -0.51123047 -0.3671875  -0.53271484 -0.98095703]]"
what is the shipping wait for my card,replacement_card_duration,replacement_card_duration,"[[-0.7080078  -0.77246094  7.609375    0.22070312 -1.3974609  -0.8730469
  -0.18920898 -0.5292969  -0.53271484 -1.1015625 ]]"
when will the replaecment card arrive,replacement_card_duration,replacement_card_duration,"[[-0.68115234 -0.61328125  7.6835938   0.16674805 -1.6523438  -0.64990234
  -0.27075195 -0.58251953 -0.47143555 -1.0361328 ]]"
let me know the wait on a replacement credit card,replacement_card_duration,replacement_card_duration,"[[-0.7783203  -0.6381836   7.5820312   0.69091797 -1.5908203  -0.7402344
  -0.40429688 -0.74121094 -0.5517578  -0.94873047]]"
let me know when the replacement card will arrive,replacement_card_duration,replacement_card_duration,"[[-0.64990234 -0.4650879   7.7070312  -0.10894775 -1.7988281  -0.69091797
  -0.37280273 -0.4650879  -0.32885742 -0.9213867 ]]"
how soon can i expect a replacement card for my lost card to arrive,replacement_card_duration,replacement_card_duration,"[[-0.51904297 -0.41870117  7.7109375  -0.18798828 -1.8125     -0.6953125
  -0.39526367 -0.4790039  -0.34155273 -0.9458008 ]]"
how is the status of my credit card application coming along,application_status,application_status,"[[-1.3554688  -1.1757812  -0.22094727  7.5585938  -0.4025879  -0.8466797
  -0.5419922  -1.1787109  -0.9970703  -0.7080078 ]]"
what exactly is the status of my application for the credit card,application_status,application_status,"[[-1.3574219  -1.1582031  -0.44067383  7.5273438  -0.2939453  -0.9345703
  -0.54003906 -1.1445312  -0.93847656 -0.7397461 ]]"
i need to know the status of my credit card application,application_status,application_status,"[[-1.2695312  -1.1035156  -0.35668945  7.5507812  -0.45263672 -0.8154297
  -0.5703125  -1.2001953  -1.0136719  -0.69628906]]"
i would like to know the status of my credit card application,application_status,application_status,"[[-1.2568359  -1.1044922  -0.3779297   7.546875   -0.46777344 -0.79541016
  -0.5571289  -1.2041016  -1.0185547  -0.7104492 ]]"
let me know if my application for american saving bank,application_status,application_status,"[[-1.0185547  -1.1513672  -0.68408203  7.34375     0.16625977 -0.86328125
  -0.6196289  -1.2998047  -1.0761719  -0.9399414 ]]"
check the status of my credit card application for me,application_status,application_status,"[[-1.1904297  -1.1269531  -0.32885742  7.5429688  -0.3852539  -0.8496094
  -0.5786133  -1.2314453  -1.0429688  -0.7475586 ]]"
i want to know if my credit card application has been processed,application_status,application_status,"[[-1.3203125  -1.0146484  -0.34716797  7.5429688  -0.5625     -0.7246094
  -0.6328125  -1.1728516  -0.9213867  -0.7001953 ]]"
i want to know the status of my credit card application,application_status,application_status,"[[-1.2714844  -1.0986328  -0.3557129   7.546875   -0.44726562 -0.80371094
  -0.5864258  -1.1933594  -1.0214844  -0.70458984]]"
can you check if my credit card application has been processed,application_status,application_status,"[[-1.3037109  -1.0039062  -0.38183594  7.5390625  -0.5722656  -0.73583984
  -0.59521484 -1.1796875  -0.90625    -0.7006836 ]]"
i want to know how is my credit card application going,application_status,application_status,"[[-1.4326172  -1.1982422  -0.32226562  7.5351562  -0.41210938 -0.7573242
  -0.5708008  -1.1064453  -0.99121094 -0.65185547]]"
can you let me know the status of my discover credit card application status,application_status,application_status,"[[-1.2734375  -1.1376953  -0.31225586  7.5429688  -0.41235352 -0.92089844
  -0.46118164 -1.2275391  -1.0146484  -0.74658203]]"
can you tell me the status of my credit card application,application_status,application_status,"[[-1.2871094  -1.1318359  -0.36669922  7.546875   -0.43969727 -0.8041992
  -0.57177734 -1.1777344  -1.03125    -0.6816406 ]]"
has my application for american express gone through yet,application_status,application_status,"[[-1.3300781  -1.0185547  -0.63427734  7.46875    -0.19726562 -0.7998047
  -0.64990234 -1.1367188  -0.89990234 -0.8125    ]]"
let me know about the status of my credit card application,application_status,application_status,"[[-1.2626953  -1.1279297  -0.34985352  7.546875   -0.4321289  -0.8095703
  -0.55810547 -1.2001953  -1.0410156  -0.70458984]]"
can you please tell me about the status of my credit card application,application_status,application_status,"[[-1.2675781  -1.109375   -0.38623047  7.5429688  -0.41748047 -0.76708984
  -0.58203125 -1.2070312  -1.0576172  -0.6977539 ]]"
can you please let me know the status of my capital one application,application_status,application_status,"[[-1.3535156  -1.1582031  -0.6557617   7.4648438  -0.18200684 -0.79345703
  -0.5029297  -1.1816406  -0.9008789  -0.8178711 ]]"
let me know the credit card application status,application_status,application_status,"[[-1.3154297  -1.2099609  -0.24169922  7.5507812  -0.48779297 -0.875
  -0.44555664 -1.1533203  -1.0332031  -0.67626953]]"
has my application for discover card gone through yet,application_status,application_status,"[[-1.4404297  -1.109375   -0.4350586   7.5351562  -0.31884766 -0.7675781
  -0.6245117  -1.1601562  -0.8652344  -0.77734375]]"
can you tell me the credit card application status,application_status,application_status,"[[-1.3359375  -1.2070312  -0.26538086  7.546875   -0.48950195 -0.85302734
  -0.47509766 -1.1455078  -1.0341797  -0.64208984]]"
has my application for the hsbc card been approved yet,application_status,application_status,"[[-1.3632812  -1.0634766  -0.41870117  7.5195312  -0.27270508 -0.82666016
  -0.62841797 -1.2099609  -0.9067383  -0.79296875]]"
please tell me if my application for the hsbc card has gone through yet,application_status,application_status,"[[-1.3710938  -1.1337891  -0.42944336  7.5195312  -0.17944336 -0.8388672
  -0.60546875 -1.2255859  -0.9394531  -0.7871094 ]]"
how far has my application for the hsbc card gone till now,application_status,application_status,"[[-1.4804688  -1.3710938   0.14099121  7.4765625  -0.13708496 -0.9941406
  -0.5913086  -1.1220703  -0.86083984 -0.98095703]]"
what's the status on my application for the hsbc credit card,application_status,application_status,"[[-1.2919922  -1.1992188  -0.4116211   7.5117188  -0.10168457 -0.98535156
  -0.5209961  -1.2236328  -0.9609375  -0.85009766]]"
how far has my application for the hsbc card proceeded till now,application_status,application_status,"[[-1.4248047  -1.3183594  -0.09100342  7.5195312  -0.25341797 -0.9716797
  -0.4716797  -1.1328125  -0.8676758  -0.9213867 ]]"
did the application for my visa card finish,application_status,application_status,"[[-1.3574219  -1.1611328  -0.1694336   7.546875   -0.34399414 -0.9238281
  -0.52001953 -1.2138672  -0.89941406 -0.8046875 ]]"
has my mastercard application gone through the process,application_status,application_status,"[[-1.2880859  -1.1376953  -0.3701172   7.546875   -0.49072266 -0.8154297
  -0.4272461  -1.171875   -0.9423828  -0.79296875]]"
has my mastercard application gone through yet,application_status,application_status,"[[-1.3974609  -1.1298828  -0.38671875  7.5507812  -0.31591797 -0.74853516
  -0.57470703 -1.1660156  -0.95751953 -0.80126953]]"
has my application for my visa card gone through,application_status,application_status,"[[-1.3242188  -1.1630859  -0.33813477  7.5585938  -0.390625   -0.7626953
  -0.57910156 -1.1884766  -0.91259766 -0.78222656]]"
has my mastercard application been processed,application_status,application_status,"[[-1.3085938  -0.9916992  -0.3959961   7.5390625  -0.4951172  -0.7758789
  -0.59033203 -1.1923828  -0.84472656 -0.80566406]]"
when will i know if my visa card application was approved,application_status,application_status,"[[-1.3564453  -1.1826172  -0.1451416   7.5625     -0.45043945 -0.8300781
  -0.58154297 -1.1777344  -0.9448242  -0.71240234]]"
what are my coffers at,balance,balance,"[[-0.56103516 -0.7080078  -2.1855469  -0.4020996   7.0742188  -1.5273438
  -0.83203125 -0.60791016 -0.7832031  -1.5195312 ]]"
tell me the current balance of my bank accounts,balance,balance,"[[-0.5854492  -0.6352539  -2.0175781  -0.38061523  7.109375   -1.5107422
  -0.89453125 -0.59228516 -0.9902344  -1.4492188 ]]"
what's my current bank account total,balance,balance,"[[-0.53808594 -0.61279297 -2.1523438  -0.42407227  7.0898438  -1.5751953
  -0.9008789  -0.45166016 -1.0439453  -1.4375    ]]"
how much do i have in my bank accounts,balance,balance,"[[-0.5888672  -0.74121094 -2.1503906  -0.38720703  7.1015625  -1.4609375
  -0.87939453 -0.55078125 -0.8769531  -1.4746094 ]]"
what's the balance in my bank accounts,balance,balance,"[[-0.5371094  -0.6254883  -2.0800781  -0.38916016  7.1132812  -1.5517578
  -0.90283203 -0.5644531  -0.96435547 -1.4785156 ]]"
what do i have in my bank accounts right now,balance,balance,"[[-0.6176758  -0.66503906 -2.1308594  -0.4506836   7.1015625  -1.4394531
  -0.94433594 -0.4638672  -0.84814453 -1.4785156 ]]"
is there enough in my wells fargo account to buy some nike's,balance,balance,"[[-0.16894531 -0.8569336  -2.1933594  -0.19812012  7.03125    -1.4296875
  -0.77685547 -0.8388672  -1.0429688  -1.5224609 ]]"
do i have enough in my wells fargo account to get some nike's,balance,balance,"[[-0.37719727 -0.71191406 -2.15625    -0.3540039   7.0859375  -1.4716797
  -0.9423828  -0.70410156 -0.84228516 -1.4980469 ]]"
do i have money in my wells fargo account for nike's,balance,balance,"[[-0.41845703 -0.87939453 -2.1289062  -0.36035156  7.0820312  -1.4033203
  -0.76171875 -0.6923828  -0.85498047 -1.5224609 ]]"
"i want some nike's, is there enough in my wells fargo account",balance,balance,"[[-0.25634766 -0.71875    -2.2792969  -0.2154541   7.0390625  -1.5292969
  -0.9091797  -0.75097656 -0.8876953  -1.4394531 ]]"
check my wells fargo account to see if i have enough for these nike's,balance,balance,"[[-0.20947266 -0.6123047  -2.2148438  -0.2824707   7.0546875  -1.4755859
  -0.98535156 -0.6982422  -1.0537109  -1.4316406 ]]"
would you tell me my bank balance,balance,balance,"[[-0.63134766 -0.6616211  -1.9287109  -0.36791992  7.0820312  -1.5732422
  -0.9609375  -0.64697266 -0.91845703 -1.3808594 ]]"
can you tell me my bank balance,balance,balance,"[[-0.57470703 -0.6230469  -1.9335938  -0.3413086   7.0898438  -1.5849609
  -0.96533203 -0.67089844 -0.96875    -1.3984375 ]]"
will you let me know my bank balance,balance,balance,"[[-0.6201172  -0.6586914  -1.9599609  -0.3466797   7.0859375  -1.5683594
  -0.88720703 -0.65966797 -0.9785156  -1.4150391 ]]"
will you tell me my bank balance,balance,balance,"[[-0.60498047 -0.62939453 -1.9316406  -0.37548828  7.0898438  -1.5927734
  -0.9667969  -0.6489258  -0.91552734 -1.4023438 ]]"
how much money is there in my bank accounts,balance,balance,"[[-0.5395508  -0.7451172  -2.0957031  -0.4411621   7.1054688  -1.5185547
  -0.88964844 -0.52783203 -0.82421875 -1.5175781 ]]"
how much money do i have in my various bank accounts,balance,balance,"[[-0.55371094 -0.7524414  -2.1035156  -0.47436523  7.0976562  -1.5058594
  -0.85791016 -0.39038086 -0.93896484 -1.5605469 ]]"
how much cash do i have in my various bank accounts,balance,balance,"[[-0.5527344  -0.75878906 -2.0742188  -0.41967773  7.1015625  -1.5244141
  -0.8466797  -0.5029297  -0.9145508  -1.5419922 ]]"
how much cash do i have in my bank accounts,balance,balance,"[[-0.6088867  -0.7597656  -2.046875   -0.4008789   7.0976562  -1.5039062
  -0.88720703 -0.56347656 -0.8339844  -1.4960938 ]]"
how much dough do i have in my bank accounts,balance,balance,"[[-0.58935547 -0.7158203  -2.0371094  -0.4741211   7.0976562  -1.5507812
  -0.9248047  -0.4675293  -0.82470703 -1.5029297 ]]"
whats the combined total of the money inside my bank accounts,balance,balance,"[[-0.37353516 -0.70996094 -2.0917969  -0.44970703  7.1054688  -1.5341797
  -0.8598633  -0.6503906  -0.9057617  -1.5009766 ]]"
whats my bank accounts look like,balance,balance,"[[-0.5371094  -0.52490234 -2.0761719  -0.5620117   7.0742188  -1.5117188
  -1.0097656  -0.28222656 -1.0537109  -1.5361328 ]]"
how much moola is in my bank accounts,balance,balance,"[[-0.53808594 -0.72021484 -2.15625    -0.47875977  7.0976562  -1.4990234
  -0.9433594  -0.56640625 -0.7211914  -1.4648438 ]]"
what the numerical number inside my bank accounts,balance,balance,"[[-0.41259766 -0.51171875 -2.0507812  -0.4260254   7.0664062  -1.6074219
  -0.9433594  -0.7084961  -0.8100586  -1.5107422 ]]"
how much does my bank account have,balance,balance,"[[-0.6582031  -0.72265625 -2.0996094  -0.41967773  7.09375    -1.5009766
  -0.9707031  -0.37597656 -0.9057617  -1.4619141 ]]"
tell me the current account balance,balance,balance,"[[-0.54296875 -0.59765625 -1.9394531  -0.36035156  7.0976562  -1.5195312
  -0.9897461  -0.6245117  -1.0332031  -1.4257812 ]]"
check my checking balance,balance,balance,"[[-0.53759766 -0.6791992  -1.8769531  -0.37695312  7.0742188  -1.5703125
  -0.9550781  -0.7006836  -0.9746094  -1.3984375 ]]"
how much do i have left in my checking account,balance,balance,"[[-0.64453125 -0.68066406 -2.1855469  -0.37646484  7.0703125  -1.5068359
  -0.9819336  -0.51220703 -0.7138672  -1.4619141 ]]"
what's my checking look like,balance,balance,"[[-1.2148438  -0.75683594 -1.5517578   0.1083374   6.546875   -2.1074219
  -1.0244141  -0.20935059 -0.85546875 -1.0429688 ]]"
how much do i have in my savings account,balance,balance,"[[-0.54785156 -0.75634766 -2.1777344  -0.38989258  7.09375    -1.4628906
  -0.9584961  -0.45410156 -0.9038086  -1.4589844 ]]"
can you freeze my bank account,freeze_account,freeze_account,"[[-0.2746582  -1.0927734  -0.7421875  -0.61572266 -0.9165039   7.828125
  -0.9736328  -0.4807129  -0.8256836  -0.5258789 ]]"
i want to freeze my bank account,freeze_account,freeze_account,"[[-0.16784668 -1.0996094  -0.71533203 -0.72265625 -0.9550781   7.8085938
  -0.9453125  -0.40283203 -0.82666016 -0.53027344]]"
i want my account locked out,freeze_account,freeze_account,"[[-0.33154297 -1.2001953  -0.75146484 -0.5263672  -0.83447266  7.7851562
  -1.0664062  -0.5390625  -0.75634766 -0.3972168 ]]"
stop all access to my account,freeze_account,freeze_account,"[[-0.39135742 -1.09375    -0.9033203  -0.57421875 -0.96484375  7.7773438
  -0.85839844 -0.5136719  -0.93847656 -0.36401367]]"
i need my account frozen!,freeze_account,freeze_account,"[[-0.5029297  -1.2021484  -0.80859375 -0.46166992 -0.7441406   7.7421875
  -1.0722656  -0.59277344 -0.7871094  -0.37451172]]"
i need to lock my account right now!,freeze_account,freeze_account,"[[-0.30517578 -1.1445312  -0.8461914  -0.65185547 -0.8540039   7.7851562
  -1.0136719  -0.4716797  -0.8144531  -0.45507812]]"
please force my account to freeze,freeze_account,freeze_account,"[[-0.24243164 -1.0107422  -0.76708984 -0.42797852 -0.98876953  7.8242188
  -1.0136719  -0.6381836  -0.90283203 -0.49243164]]"
please stop my account,freeze_account,freeze_account,"[[-0.37841797 -1.0820312  -0.8232422  -0.5336914  -0.9794922   7.8007812
  -0.92089844 -0.5102539  -0.9140625  -0.41357422]]"
please allow my account to freeze,freeze_account,freeze_account,"[[-0.31982422 -1.1230469  -0.7734375  -0.40576172 -0.94970703  7.8125
  -0.9580078  -0.61621094 -0.8876953  -0.45361328]]"
please put my account on hold,freeze_account,freeze_account,"[[-0.24279785 -1.0605469  -0.80615234 -0.46704102 -0.93847656  7.8164062
  -0.9794922  -0.63134766 -0.9536133  -0.4724121 ]]"
freeze my account at the bank immediately,freeze_account,freeze_account,"[[-0.19787598 -1.1445312  -0.7495117  -0.61035156 -0.95947266  7.8164062
  -0.80371094 -0.5678711  -0.9145508  -0.5473633 ]]"
would you be able to freeze my bank account,freeze_account,freeze_account,"[[-0.37280273 -1.0976562  -0.6611328  -0.5053711  -0.86816406  7.7929688
  -1.0751953  -0.46923828 -0.7426758  -0.5415039 ]]"
my account at the bank needs to be frozen,freeze_account,freeze_account,"[[ 0.01056671 -1.1865234  -0.57177734 -0.25708008 -0.84375     7.7539062
  -1.0478516  -0.6958008  -0.9277344  -0.78027344]]"
please block my discover account immediately,freeze_account,freeze_account,"[[-0.3918457  -1.1298828  -0.83203125 -0.484375   -0.8901367   7.7929688
  -0.90771484 -0.5878906  -0.85546875 -0.47143555]]"
please put a block on my citi account immediately,freeze_account,freeze_account,"[[-0.39208984 -1.1259766  -0.8066406  -0.52685547 -0.97265625  7.796875
  -0.86572266 -0.5234375  -0.92578125 -0.46606445]]"
block my american saving bank for now,freeze_account,freeze_account,"[[ 0.05270386 -1.1484375  -0.7519531  -0.8125     -1.0820312   7.71875
  -0.67089844 -0.4104004  -0.8564453  -0.5761719 ]]"
block my bank of america immdediately,freeze_account,freeze_account,"[[ 0.75927734 -0.8852539  -0.55859375 -1.2402344  -1.3535156   7.2148438
  -0.71875    -0.07250977 -0.72998047 -0.74316406]]"
put a block on bank of amerian immediately,freeze_account,freeze_account,"[[-0.08758545 -1.2041016  -0.72802734 -0.6689453  -1.1748047   7.6523438
  -0.5991211  -0.39575195 -0.9975586  -0.48657227]]"
my account needs to be frozen,freeze_account,freeze_account,"[[-0.22314453 -1.0957031  -0.52978516 -0.20166016 -1.0048828   7.7695312
  -1.1494141  -0.6796875  -0.8461914  -0.53808594]]"
freeze my account for me,freeze_account,freeze_account,"[[-0.31933594 -1.0820312  -0.7998047  -0.5498047  -0.9980469   7.8085938
  -0.9584961  -0.5810547  -0.8339844  -0.34985352]]"
put a freeze on my account,freeze_account,freeze_account,"[[-0.3527832  -1.1181641  -0.75341797 -0.5722656  -1.0302734   7.8125
  -0.90234375 -0.5263672  -0.84716797 -0.40161133]]"
could you please put a stop on my bank account,freeze_account,freeze_account,"[[-0.37475586 -1.0429688  -0.7993164  -0.60498047 -0.9633789   7.8046875
  -0.9135742  -0.49731445 -0.89941406 -0.48095703]]"
i need to put a stop on my bank account,freeze_account,freeze_account,"[[-0.2919922  -0.98779297 -0.7558594  -0.63427734 -1.0048828   7.8085938
  -0.92041016 -0.51171875 -0.93652344 -0.5288086 ]]"
are you able to put a stop on my bank account,freeze_account,freeze_account,"[[-0.37182617 -1.0107422  -0.7680664  -0.55078125 -0.9394531   7.8046875
  -1.0029297  -0.53027344 -0.86083984 -0.5239258 ]]"
please put a stop on my bank account,freeze_account,freeze_account,"[[-0.33862305 -1.0283203  -0.78564453 -0.6254883  -0.9658203   7.8046875
  -0.93066406 -0.49975586 -0.9116211  -0.48632812]]"
i am hoping you can put a stop on my bank account,freeze_account,freeze_account,"[[-0.29541016 -1.0175781  -0.7285156  -0.5732422  -1.0136719   7.8164062
  -0.9003906  -0.57666016 -0.87353516 -0.5307617 ]]"
please put a freeze on my banking account,freeze_account,freeze_account,"[[-0.35595703 -1.125      -0.7470703  -0.6074219  -0.96875     7.8203125
  -0.9428711  -0.48657227 -0.8183594  -0.4572754 ]]"
i need my bank account frozen,freeze_account,freeze_account,"[[-0.31176758 -1.2148438  -0.7783203  -0.61865234 -0.7739258   7.7851562
  -0.99072266 -0.5332031  -0.7729492  -0.43896484]]"
how do i freeze my bank account,freeze_account,freeze_account,"[[-0.19995117 -1.0791016  -0.6816406  -0.6508789  -0.85498047  7.8046875
  -1.0791016  -0.41870117 -0.8510742  -0.5854492 ]]"
would you freeze my bank account,freeze_account,freeze_account,"[[-0.33203125 -1.0986328  -0.7675781  -0.6772461  -0.89501953  7.8125
  -0.91503906 -0.44702148 -0.8203125  -0.5175781 ]]"
i need to know all my spending transactions,transactions,transactions,"[[-0.81396484 -2.0449219  -0.8457031  -0.8930664  -0.87841797 -1.1103516
   7.375      -0.08605957 -0.8520508  -0.96191406]]"
when did i last make a purchase,transactions,transactions,"[[-0.97314453 -2.1171875  -0.6713867  -0.41479492 -1.1494141  -0.77001953
   7.3476562  -0.6098633  -0.6328125  -0.93408203]]"
how much did i spend on my most recent transaction,transactions,transactions,"[[-1.1923828  -2.171875   -0.95703125 -0.98339844 -0.96484375 -1.3027344
   6.9804688   1.4404297  -1.1005859  -1.1396484 ]]"
show me my ten most recent transactions on account xyz,transactions,transactions,"[[-0.8227539  -2.0195312  -0.8754883  -0.9082031  -0.82177734 -0.84277344
   7.359375   -0.5917969  -0.67041016 -0.90478516]]"
i want to see all transactions in the past month for all accounts,transactions,transactions,"[[-0.72802734 -2.0195312  -1.0644531  -0.7714844  -0.5961914  -0.9160156
   7.3476562  -0.4909668  -0.87353516 -0.9663086 ]]"
show me my recent transactions from account xyz,transactions,transactions,"[[-0.6152344  -1.9882812  -0.83203125 -0.8730469  -0.9663086  -0.81689453
   7.3710938  -0.67285156 -0.67529297 -0.92529297]]"
open bank app and show my most recent transactions,transactions,transactions,"[[-0.8408203  -2.2382812  -0.9375     -0.4831543  -0.72998047 -0.44750977
   7.2851562  -0.86376953 -0.6489258  -1.0498047 ]]"
are you able to find my recent transactions for me,transactions,transactions,"[[-0.97265625 -1.9248047  -0.9067383  -0.6113281  -0.8876953  -0.9609375
   7.3828125  -0.6401367  -0.62353516 -0.9008789 ]]"
i made a transaction recently,transactions,transactions,"[[-0.8833008  -1.9140625  -0.83984375 -0.8491211  -1.2177734  -0.5366211
   7.3398438  -0.46313477 -0.6176758  -0.9091797 ]]"
what was my recent transaction,transactions,transactions,"[[-0.92041016 -1.8339844  -0.7548828  -0.83251953 -1.1318359  -0.7519531
   7.3867188  -0.5683594  -0.6586914  -0.83740234]]"
i want to know what my recent transaction was,transactions,transactions,"[[-1.0039062  -1.9316406  -0.9008789  -0.7236328  -0.91064453 -0.8847656
   7.3789062  -0.5673828  -0.6660156  -0.8540039 ]]"
i need information about my recent transaction,transactions,transactions,"[[-0.93359375 -1.9394531  -0.86816406 -0.77978516 -1.0048828  -0.74365234
   7.3828125  -0.5839844  -0.63720703 -0.8955078 ]]"
state recent transaction,transactions,transactions,"[[-0.93359375 -1.9365234  -0.69970703 -0.7758789  -1.1914062  -0.64746094
   7.3515625  -0.55615234 -0.62597656 -0.7993164 ]]"
is my visa bill over my limit this month,transactions,application_status,"[[-1.6611328  -2.9453125   1.9658203   2.8144531   1.6181641  -0.1907959
   0.62353516  1.1708984  -1.2275391  -2.3867188 ]]"
what have i spent things on,transactions,spending_history,"[[-1.0976562  -0.94091797 -0.8388672  -1.421875   -0.6274414  -0.6435547
  -0.72509766  7.3945312  -1.4648438  -0.9135742 ]]"
show my transactions,transactions,transactions,"[[-0.80078125 -1.9082031  -0.8569336  -0.81591797 -1.0361328  -0.7495117
   7.3828125  -0.66308594 -0.6484375  -0.80615234]]"
what were my last 10 charges on my credit card,transactions,transactions,"[[-1.1044922  -1.8300781  -0.7631836  -0.5957031  -1.3613281  -1.0976562
   7.1523438  -0.38134766 -0.36767578 -0.5649414 ]]"
show what i have spent things on,transactions,spending_history,"[[-1.0302734  -0.8989258  -0.7246094  -1.4951172  -0.7553711  -0.54589844
  -0.61621094  7.3828125  -1.5        -0.9038086 ]]"
how much have i spent on my debit card this month,transactions,spending_history,"[[-1.0439453  -1.3417969   0.065979   -1.2353516  -0.9741211  -0.8730469
  -0.20153809  7.2421875  -1.2978516  -1.15625   ]]"
how much have i spent on my bank card sine i last paid my bill,transactions,spending_history,"[[-1.1738281  -1.7607422  -0.40551758 -1.4619141  -0.6308594  -0.79296875
   0.73535156  7.1289062  -1.4003906  -1.2792969 ]]"
how much was my last target trip,transactions,transactions,"[[-1.9257812  -2.25        0.21972656 -0.54541016 -1.3623047  -1.5039062
   6.5742188   1.4277344  -0.55859375 -0.9794922 ]]"
can you verify my recent visa card transaction,transactions,transactions,"[[-1.1083984  -2.1503906  -0.4350586   0.03924561 -1.2167969  -0.9609375
   7.2578125  -0.89160156 -0.3876953  -0.9477539 ]]"
what was my recent transaction on my visa card,transactions,transactions,"[[-0.98876953 -1.8828125  -0.58984375 -0.5727539  -1.2265625  -0.95166016
   7.3515625  -0.67529297 -0.48486328 -0.8852539 ]]"
what is the last transaction on my visa card,transactions,transactions,"[[-1.0302734  -1.8769531  -0.40429688 -0.5371094  -1.2304688  -0.9423828
   7.3359375  -0.7368164  -0.47021484 -0.91796875]]"
show my my most recent visa card transaction,transactions,transactions,"[[-0.95996094 -2.0078125  -0.5722656  -0.6044922  -1.1904297  -0.9121094
   7.390625   -0.6894531  -0.50683594 -0.8623047 ]]"
please review my recent visa card transaction,transactions,transactions,"[[-1.0371094  -2.0898438  -0.61621094 -0.29174805 -1.2421875  -0.8413086
   7.34375    -0.7446289  -0.49047852 -0.94189453]]"
how many transactions do i have on flower shops from last wednesday between 2pm and 7pm,transactions,transactions,"[[-1.0761719e+00 -2.0683594e+00 -5.6933594e-01 -6.4160156e-01
  -9.2822266e-01 -1.3076172e+00  7.3242188e+00  3.6087036e-03
  -7.0263672e-01 -1.0683594e+00]]"
what transactions did i make on electronics this morning after 6am,transactions,transactions,"[[-1.0449219  -1.9628906  -0.6958008  -0.82910156 -1.2119141  -0.8886719
   7.3632812  -0.14904785 -0.6582031  -0.9716797 ]]"
what is the largest transaction i have made on video games this month,transactions,transactions,"[[-1.2001953  -2.140625   -0.95751953 -0.6123047  -1.0458984  -0.69091797
   7.3164062  -0.15588379 -0.5805664  -0.9628906 ]]"
what transactions do i have on groceries from yesterday,transactions,transactions,"[[-1.0537109  -2.         -0.70410156 -0.6435547  -0.828125   -1.1640625
   7.3710938  -0.26513672 -0.66845703 -1.0039062 ]]"
what's the total i've spent on shoes this month,spending_history,spending_history,"[[-1.078125   -0.93115234 -0.80029297 -1.5        -0.49389648 -0.7519531
  -0.71533203  7.40625    -1.2617188  -0.9741211 ]]"
how many dollars have i spent on coffee this month,spending_history,spending_history,"[[-1.0566406  -1.0517578  -0.92529297 -1.4970703  -0.47851562 -0.81884766
  -0.60009766  7.40625    -1.3876953  -1.0058594 ]]"
what have i spent on food this month,spending_history,spending_history,"[[-1.0585938  -0.9902344  -0.9277344  -1.4501953  -0.43359375 -0.76953125
  -0.7348633   7.40625    -1.3623047  -1.0078125 ]]"
how much have i spent on tires this month,spending_history,spending_history,"[[-1.0839844  -0.97753906 -0.70166016 -1.4716797  -0.61328125 -0.68310547
  -0.7919922   7.4101562  -1.3574219  -0.9501953 ]]"
how much have i been spending on booze this month,spending_history,spending_history,"[[-1.1914062  -1.0458984  -0.66748047 -1.3945312  -0.6533203  -0.6845703
  -0.80029297  7.3828125  -1.3076172  -0.8964844 ]]"
what have i spent on fast food recently,spending_history,spending_history,"[[-1.1542969  -1.0019531  -0.8989258  -1.4960938  -0.3947754  -0.84814453
  -0.6948242   7.4101562  -1.3935547  -0.95751953]]"
how much total have i spent on fast food lately,spending_history,spending_history,"[[-1.140625   -0.99121094 -0.9189453  -1.5449219  -0.4020996  -0.8720703
  -0.75097656  7.4023438  -1.3847656  -0.8671875 ]]"
how much fast food have i bought recently,spending_history,spending_history,"[[-1.1132812  -1.3583984  -1.0712891  -1.6210938  -0.02142334 -0.9506836
  -0.00884247  7.2695312  -1.4003906  -1.1201172 ]]"
check how much i spent this week,spending_history,spending_history,"[[-1.0917969  -1.0166016  -0.72802734 -1.4736328  -0.62890625 -0.6870117
  -0.72509766  7.3945312  -1.3876953  -0.9086914 ]]"
how much money have i spent on fast food lately,spending_history,spending_history,"[[-1.1367188  -0.9628906  -0.9379883  -1.5576172  -0.38110352 -0.8828125
  -0.75878906  7.4023438  -1.3916016  -0.90185547]]"
how much money have a spent in the last week,spending_history,spending_history,"[[-1.0703125  -1.0595703  -0.7495117  -1.3994141  -0.6972656  -0.7265625
  -0.61083984  7.3984375  -1.4824219  -0.9267578 ]]"
how much money did i spend this weekend,spending_history,spending_history,"[[-1.0927734  -1.0751953  -0.81933594 -1.4794922  -0.62060547 -0.69677734
  -0.5732422   7.4179688  -1.4433594  -0.93359375]]"
tell me how much money i've spent on fast food in the past week,spending_history,spending_history,"[[-1.0625     -0.93408203 -0.9711914  -1.5771484  -0.2849121  -0.9038086
  -0.8178711   7.3867188  -1.4072266  -0.96240234]]"
what is the total amount i spent last week,spending_history,spending_history,"[[-1.1005859  -1.0449219  -0.80566406 -1.4921875  -0.6586914  -0.67871094
  -0.53271484  7.390625   -1.4238281  -0.890625  ]]"
what've i spent on gas this month,spending_history,spending_history,"[[-1.0976562  -0.96435547 -0.73535156 -1.4189453  -0.55810547 -0.7338867
  -0.79003906  7.4023438  -1.3466797  -0.9814453 ]]"
have i gone over my entertainment budget,spending_history,spending_history,"[[-1.4101562  -1.2802734  -1.2197266  -1.2900391   0.31396484 -0.9428711
  -0.47338867  7.0390625  -1.6630859  -0.9316406 ]]"
would you say i've spent too much money on chips as of late,spending_history,spending_history,"[[-0.94628906 -0.57128906 -0.6152344  -1.7128906  -0.3137207  -0.7993164
  -1.0107422   7.296875   -1.4863281  -1.0166016 ]]"
"looking at this week only, have i overspent on hoagies",spending_history,spending_history,"[[-1.1679688  -0.40478516 -0.53564453 -1.53125    -0.6484375  -0.86865234
  -1.0625      7.2851562  -1.2910156  -0.9536133 ]]"
do i overspend when it comes to fast food,spending_history,spending_history,"[[-1.4316406   2.1816406  -0.84521484 -2.0390625   0.00734711 -1.1640625
  -1.9804688   5.6132812  -1.2363281  -0.79003906]]"
"looking at the past month, what did i spend total",spending_history,spending_history,"[[-1.1347656  -1.1064453  -0.67089844 -1.3730469  -0.6948242  -0.6328125
  -0.6435547   7.359375   -1.5185547  -0.8227539 ]]"
have i gone over my chocolate budget lately,spending_history,spending_history,"[[-1.1904297  -0.9868164  -0.921875   -1.5058594  -0.06848145 -1.0048828
  -0.7036133   7.296875   -1.5732422  -1.0517578 ]]"
how much have i spent this week,spending_history,spending_history,"[[-1.0703125  -1.0234375  -0.85839844 -1.4443359  -0.61621094 -0.71484375
  -0.71484375  7.3828125  -1.4042969  -0.9003906 ]]"
about how much did i spend recently,spending_history,spending_history,"[[-1.1523438  -1.0244141  -0.79052734 -1.4736328  -0.55615234 -0.78271484
  -0.61083984  7.4101562  -1.5126953  -0.92822266]]"
tell me how much i have been buying as of late,spending_history,spending_history,"[[-1.1171875  -1.5185547  -1.4990234  -1.7558594   0.83154297 -1.0429688
   0.04055786  6.9726562  -1.6337891  -1.2421875 ]]"
what did i spend on beer last month,spending_history,spending_history,"[[-1.0244141  -1.0498047  -0.8046875  -1.5449219  -0.6010742  -0.65771484
  -0.3803711   7.40625    -1.5341797  -1.0908203 ]]"
did i stick to my dinner budget,spending_history,spending_history,"[[-1.3320312   1.0615234  -1.0644531  -2.0703125   0.37670898 -0.82421875
  -0.6669922   5.6054688  -1.6679688  -0.81347656]]"
how much have i spent on video games recently,spending_history,spending_history,"[[-1.21875    -0.9277344  -1.1142578  -1.5244141  -0.29638672 -0.7651367
  -0.8808594   7.3242188  -1.2939453  -0.9506836 ]]"
do i spend too much on beer,spending_history,spending_history,"[[-1.1035156  -0.6035156  -0.84375    -1.8007812  -0.05145264 -0.5732422
  -1.1074219   7.2109375  -1.5175781  -1.0771484 ]]"
what are my finances like lately,spending_history,spending_history,"[[-1.5097656  -0.89501953 -0.77734375 -1.5166016   1.3740234  -0.9526367
  -0.99853516  6.703125   -1.8115234  -1.3974609 ]]"
how much money have i spent recently,spending_history,spending_history,"[[-1.1191406  -1.0224609  -0.79785156 -1.4384766  -0.6113281  -0.7636719
  -0.6958008   7.40625    -1.4277344  -0.89453125]]"
x card has earned how many points,rewards_balance,rewards_balance,"[[-1.4658203  -0.36132812 -0.52783203 -0.6796875  -0.82470703 -0.63720703
  -0.71875    -1.1376953   7.703125   -0.5620117 ]]"
can you give me a points update on my rewards plus card,rewards_balance,rewards_balance,"[[-1.375      -0.36132812 -0.7109375  -0.62402344 -0.78222656 -0.60839844
  -0.6870117  -1.3466797   7.6914062  -0.47021484]]"
can you pull up how many points i've earned with travel card,rewards_balance,rewards_balance,"[[-1.40625    -0.3166504  -0.48779297 -0.77734375 -0.86328125 -0.7192383
  -0.64160156 -1.1181641   7.7148438  -0.53515625]]"
what is the updated points that i earned with synovus card,rewards_balance,rewards_balance,"[[-1.4833984  -0.4597168  -0.41455078 -0.7416992  -0.90722656 -0.73535156
  -0.55322266 -1.0859375   7.6992188  -0.4794922 ]]"
how many points do i have on my six flags rewards card,rewards_balance,rewards_balance,"[[-1.4365234  -0.4020996  -0.68652344 -0.6582031  -0.65185547 -0.79345703
  -0.7001953  -1.2402344   7.7148438  -0.5234375 ]]"
i would like to check my rewards for my credit card,rewards_balance,rewards_balance,"[[-1.46875    -0.3425293  -0.71484375 -0.5102539  -0.82128906 -0.7836914
  -0.60791016 -1.3916016   7.6875     -0.35229492]]"
i need to check my rewards for my credit card,rewards_balance,rewards_balance,"[[-1.5058594  -0.35864258 -0.6958008  -0.46704102 -0.82421875 -0.7548828
  -0.6069336  -1.4033203   7.6796875  -0.3918457 ]]"
i wanna know how many points have i earned with my credit card,rewards_balance,rewards_balance,"[[-1.4902344  -0.3269043  -0.6557617  -0.6928711  -0.8144531  -0.75341797
  -0.72216797 -1.1347656   7.7148438  -0.39160156]]"
i would like to know my debit card's rewards balance,rewards_balance,rewards_balance,"[[-1.4658203  -0.4248047  -0.48242188 -0.66503906 -0.72021484 -0.8442383
  -0.58691406 -1.2119141   7.7304688  -0.5371094 ]]"
i would like to know how many points have i earned with my credit card,rewards_balance,rewards_balance,"[[-1.4638672  -0.29101562 -0.6538086  -0.73339844 -0.7998047  -0.8027344
  -0.7207031  -1.1015625   7.7109375  -0.40283203]]"
i need to know my credit card's rewards balance,rewards_balance,rewards_balance,"[[-1.4648438  -0.29296875 -0.6772461  -0.62158203 -0.7607422  -0.8413086
  -0.60839844 -1.3164062   7.71875    -0.3630371 ]]"
i wanna know my credit card's rewards balance,rewards_balance,rewards_balance,"[[-1.4697266  -0.29663086 -0.6953125  -0.64160156 -0.7836914  -0.82373047
  -0.61035156 -1.3222656   7.7148438  -0.30371094]]"
i really need to check my rewards for my credit card,rewards_balance,rewards_balance,"[[-1.5322266  -0.29492188 -0.6694336  -0.5058594  -0.8388672  -0.78466797
  -0.64404297 -1.390625    7.6875     -0.3359375 ]]"
i would like to check my rewards for my debit card,rewards_balance,rewards_balance,"[[-1.4648438  -0.5185547  -0.54345703 -0.52246094 -0.75683594 -0.76416016
  -0.5605469  -1.2988281   7.7109375  -0.56884766]]"
i wish to know my debit card's rewards balance,rewards_balance,rewards_balance,"[[-1.4501953  -0.41308594 -0.51708984 -0.6435547  -0.7363281  -0.79345703
  -0.6020508  -1.2353516   7.7304688  -0.54833984]]"
i wanna check my rewards for my credit card,rewards_balance,rewards_balance,"[[-1.5009766  -0.3737793  -0.71777344 -0.4873047  -0.80810547 -0.75146484
  -0.5957031  -1.3964844   7.6835938  -0.3720703 ]]"
tell me my debit card's rewards balance,rewards_balance,rewards_balance,"[[-1.4873047  -0.41357422 -0.5517578  -0.6669922  -0.6772461  -0.8300781
  -0.5996094  -1.2324219   7.7304688  -0.5288086 ]]"
i need to understand how many points have i earned with my credit card,rewards_balance,rewards_balance,"[[-1.4775391  -0.3190918  -0.67529297 -0.70214844 -0.8105469  -0.8027344
  -0.69873047 -1.0976562   7.7070312  -0.37451172]]"
i must know how many points have i earned with my credit card,rewards_balance,rewards_balance,"[[-1.4814453  -0.3244629  -0.6201172  -0.6801758  -0.8198242  -0.75146484
  -0.70458984 -1.1425781   7.7148438  -0.4506836 ]]"
i gotta know how many points i have gotten with my debit card,rewards_balance,rewards_balance,"[[-1.4873047  -0.45214844 -0.43164062 -0.7006836  -0.79003906 -0.69091797
  -0.69921875 -1.1162109   7.7226562  -0.5258789 ]]"
how many points earned do i have with my american express card,rewards_balance,rewards_balance,"[[-1.5214844  -0.46948242 -0.546875   -0.67285156 -0.7084961  -0.7265625
  -0.64941406 -1.1621094   7.7148438  -0.5185547 ]]"
how many points have i earned with my paypal credit card so far,rewards_balance,rewards_balance,"[[-1.4980469  -0.39233398 -0.49121094 -0.80029297 -0.7758789  -0.8417969
  -0.6411133  -0.97216797  7.703125   -0.5439453 ]]"
i have points on my capital one card and i'd like to know how many i've earned,rewards_balance,rewards_balance,"[[-1.390625   -0.37304688 -0.5307617  -0.7817383  -0.7919922  -0.6645508
  -0.6279297  -1.1318359   7.7148438  -0.5444336 ]]"
"have i earned points with my venture card, and how many",rewards_balance,rewards_balance,"[[-1.515625   -0.44335938 -0.49682617 -0.6347656  -0.71728516 -0.76171875
  -0.6279297  -1.1552734   7.7109375  -0.5839844 ]]"
what do my visa points look like,rewards_balance,rewards_balance,"[[-1.4453125  -0.17333984 -0.6171875  -0.625      -0.85498047 -0.77685547
  -0.76220703 -1.2685547   7.703125   -0.35595703]]"
how many points do i have on my visa,rewards_balance,rewards_balance,"[[-1.5097656  -0.43237305 -0.54248047 -0.70996094 -0.5415039  -0.8227539
  -0.74121094 -1.1484375   7.71875    -0.5385742 ]]"
tell me the number of points on my visa card,rewards_balance,rewards_balance,"[[-1.5380859  -0.5522461  -0.37060547 -0.6118164  -0.6484375  -0.7470703
  -0.6308594  -1.1552734   7.7070312  -0.6611328 ]]"
give me the point total on my visa card,rewards_balance,rewards_balance,"[[-1.5664062  -0.56640625 -0.43798828 -0.60009766 -0.7495117  -0.69970703
  -0.5810547  -1.1474609   7.6796875  -0.5283203 ]]"
what points have i earned on my visa,rewards_balance,rewards_balance,"[[-1.5117188  -0.43725586 -0.63378906 -0.67333984 -0.7270508  -0.6665039
  -0.68115234 -1.09375     7.6835938  -0.54296875]]"
how many rewards points do i have on my rewards points i have on my mastercard,rewards_balance,rewards_balance,"[[-1.3984375  -0.36083984 -0.73583984 -0.68896484 -0.6855469  -0.7495117
  -0.6879883  -1.2929688   7.703125   -0.47998047]]"
i would like to know my credit score,credit_score,credit_score,"[[-0.9013672  -0.44360352 -1.09375    -0.79345703 -1.4433594  -1.0927734
  -0.7558594  -1.0478516  -0.6899414   7.359375  ]]"
tell me what my credit score is,credit_score,credit_score,"[[-0.98779297 -0.63964844 -1.0986328  -0.69970703 -1.3505859  -1.0302734
  -0.7348633  -0.95947266 -0.7729492   7.359375  ]]"
can you find what my credit score is,credit_score,credit_score,"[[-0.9238281  -0.69433594 -1.1152344  -0.73291016 -1.3486328  -0.9399414
  -0.7104492  -0.95996094 -0.82470703  7.3515625 ]]"
how is my credit score numberwise,credit_score,credit_score,"[[-1.1113281  -0.7265625  -1.0976562  -0.73291016 -1.3183594  -0.9785156
  -0.66015625 -0.92822266 -0.7680664   7.3476562 ]]"
what credit score number do i have,credit_score,credit_score,"[[-0.9785156  -0.6660156  -1.2539062  -0.7949219  -1.2431641  -0.96435547
  -0.7636719  -0.99365234 -0.6640625   7.3203125 ]]"
what is my credit score number,credit_score,credit_score,"[[-1.0068359  -0.70410156 -1.1220703  -0.72753906 -1.3486328  -0.94628906
  -0.7578125  -0.9477539  -0.7607422   7.3554688 ]]"
how much is my credit score,credit_score,credit_score,"[[-1.1269531  -0.65625    -1.1757812  -0.7338867  -1.2949219  -1.0507812
  -0.73876953 -0.8618164  -0.6904297   7.3476562 ]]"
what number is my credit score currently,credit_score,credit_score,"[[-1.1796875  -0.7524414  -1.1386719  -0.75146484 -1.3046875  -0.9970703
  -0.69677734 -0.8623047  -0.6850586   7.3359375 ]]"
is my credit score over 700 yet,credit_score,credit_score,"[[-1.3027344  -0.23901367 -1.2910156  -0.5727539  -1.1484375  -1.1816406
  -1.1210938  -0.9042969  -0.4819336   7.1679688 ]]"
please give me my current credit score,credit_score,credit_score,"[[-0.9760742  -0.48535156 -1.0625     -0.7373047  -1.4335938  -0.9995117
  -0.79003906 -1.0283203  -0.7739258   7.375     ]]"
i'm trying to raise my credit score can you tell me what it is now,credit_score,improve_credit_score,"[[-0.2602539   7.203125   -0.6088867  -1.1972656  -0.7636719  -0.921875
  -1.6455078  -1.0380859  -0.6484375   0.04656982]]"
i need to know what my credit score is,credit_score,credit_score,"[[-0.9995117  -0.59814453 -1.1455078  -0.69921875 -1.2978516  -1.0078125
  -0.7895508  -0.9604492  -0.7685547   7.3554688 ]]"
could you tell me what my credit score is,credit_score,credit_score,"[[-0.99072266 -0.66796875 -1.1152344  -0.7348633  -1.3203125  -0.98046875
  -0.72509766 -0.92578125 -0.81103516  7.359375  ]]"
give me my credit score please,credit_score,credit_score,"[[-1.0097656  -0.40673828 -1.0839844  -0.6748047  -1.3740234  -0.90966797
  -0.88916016 -1.0673828  -0.8105469   7.3671875 ]]"
could you share my credit score,credit_score,credit_score,"[[-0.9165039  -0.5786133  -1.0136719  -0.7548828  -1.4169922  -1.0146484
  -0.73876953 -0.97998047 -0.85302734  7.3554688 ]]"
how's my credit score,credit_score,credit_score,"[[-1.0820312  -0.6298828  -1.0771484  -0.6923828  -1.3476562  -1.0644531
  -0.77001953 -0.93896484 -0.71191406  7.3710938 ]]"
i was wondering what my credit score is,credit_score,credit_score,"[[-0.97998047 -0.65527344 -1.0263672  -0.79003906 -1.4736328  -0.9863281
  -0.6323242  -0.8520508  -0.79296875  7.359375  ]]"
where do i go for my credit score,credit_score,credit_score,"[[-1.1875     -0.38208008 -1.2480469  -0.72998047 -1.1621094  -1.0341797
  -0.81396484 -0.94433594 -0.7763672   7.296875  ]]"
i need to find my credit score,credit_score,credit_score,"[[-0.8598633  -0.4807129  -1.0498047  -0.74121094 -1.4482422  -1.0302734
  -0.7861328  -1.0332031  -0.8173828   7.3515625 ]]"
how can i locate my credit score,credit_score,credit_score,"[[-0.91796875 -0.46191406 -1.0703125  -0.77490234 -1.3955078  -1.0185547
  -0.8027344  -1.0449219  -0.77197266  7.3632812 ]]"
what is my credit rating,credit_score,credit_score,"[[-1.         -0.70166016 -1.0820312  -0.66015625 -1.4580078  -0.9970703
  -0.75439453 -0.93359375 -0.6791992   7.3710938 ]]"
i want to know my credit rating,credit_score,credit_score,"[[-0.8955078  -0.4621582  -1.0644531  -0.7241211  -1.4853516  -1.0371094
  -0.8276367  -1.0175781  -0.68359375  7.359375  ]]"
my credit rating is what,credit_score,credit_score,"[[-0.9892578  -0.546875   -1.1904297  -0.56933594 -1.2695312  -1.1376953
  -0.82177734 -1.0458984  -0.6777344   7.3398438 ]]"
tell me my credit raing,credit_score,credit_score,"[[-0.94921875  0.59716797 -1.0458984  -0.68603516 -1.5224609  -1.0878906
  -1.3701172  -1.3046875  -0.5258789   7.0703125 ]]"
give me my credit rating,credit_score,credit_score,"[[-0.9902344  -0.45336914 -1.0712891  -0.6948242  -1.4580078  -0.94189453
  -0.9008789  -0.9902344  -0.7319336   7.3710938 ]]"
please tell me what my credit score is,credit_score,credit_score,"[[-0.9941406  -0.61621094 -1.1455078  -0.65283203 -1.2832031  -1.0166016
  -0.78027344 -0.9941406  -0.76708984  7.3476562 ]]"
i'd like you to check on my credit score,credit_score,credit_score,"[[-0.9848633  -0.50097656 -1.1357422  -0.76953125 -1.3837891  -0.94970703
  -0.7714844  -0.99316406 -0.79345703  7.3671875 ]]"
let me know what my credit score is today,credit_score,credit_score,"[[-1.0546875  -0.51416016 -1.1005859  -0.83203125 -1.4589844  -1.0263672
  -0.71728516 -0.9121094  -0.6821289   7.3671875 ]]"
can you check my credit score,credit_score,credit_score,"[[-0.96191406 -0.4362793  -1.0986328  -0.7236328  -1.3740234  -1.0371094
  -0.8466797  -1.0185547  -0.75439453  7.375     ]]"
can you check my credit score for me,credit_score,credit_score,"[[-1.0576172 -0.5673828 -1.1298828 -0.7285156 -1.2988281 -1.0058594
  -0.8100586 -0.9560547 -0.7363281  7.3710938]]"